<?xml version="1.0" encoding="UTF-8"?>
<Repository xmlns="http://www.openarchives.org/OAI/2.0/static-repository" 
            xmlns:oai="http://www.openarchives.org/OAI/2.0/" 
            xmlns:xsi="http://www.w3.org/2001/XMLSchema-instance" 
            xsi:schemaLocation="http://www.openarchives.org/OAI/2.0/static-repository 
                                http://www.openarchives.org/OAI/2.0/static-repository.xsd">
    <Identify>
        <oai:repositoryName>ATLANTIC SEASCAPES PROJECT</oai:repositoryName>
        <oai:baseURL>http://gateway.institution.org/oai/atlanticseascapesarchive.com/oai.xml</oai:baseURL>
        <oai:protocolVersion>2.0</oai:protocolVersion>
        <oai:adminEmail>libstatic.uidaho@gmail.com</oai:adminEmail>
        <oai:earliestDatestamp>2023-09-19</oai:earliestDatestamp>
        <oai:deletedRecord>no</oai:deletedRecord>
        <oai:granularity>YYYY-MM-DD</oai:granularity>
    </Identify>
    <ListMetadataFormats>
        <oai:metadataFormat>
            <oai:metadataPrefix>oai_dc</oai:metadataPrefix>
            <oai:schema>http://www.openarchives.org/OAI/2.0/oai_dc.xsd</oai:schema>
            <oai:metadataNamespace>http://www.openarchives.org/OAI/2.0/oai_dc/</oai:metadataNamespace>
        </oai:metadataFormat>
    </ListMetadataFormats>
    <ListRecords metadataPrefix="oai_dc">
        
        <oai:record> 
            <oai:header>
                <oai:identifier>oai:atlanticseascapesarchive.com:/agn_sr_gym_323_77_136</oai:identifier> 
                <oai:datestamp>2023-09-19</oai:datestamp>
            </oai:header>
            <oai:metadata>
                <oai_dc:dc 
                xmlns:oai_dc="http://www.openarchives.org/OAI/2.0/oai_dc/" 
                xmlns:dc="http://purl.org/dc/elements/1.1/" 
                xmlns:xsi="http://www.w3.org/2001/XMLSchema-instance" 
                xsi:schemaLocation="http://www.openarchives.org/OAI/2.0/oai_dc/ 
                                    http://www.openarchives.org/OAI/2.0/oai_dc.xsd">
                    <dc:title>Ordenanza de corso dictada por Bolívar</dc:title>
                    <dc:creator>Secretaría de Relaciones Exteriores</dc:creator>
                    <dc:date>1817-03-07</dc:date><dc:description>Reformas a la ordenanza de corso creada por Bolíva</dc:description>
                    <dc:subject>Corso;Ordenanza;Relaciones Exteriores</dc:subject>
                    <dc:type>Image;StillImage</dc:type>
                    <dc:rights>Public domain</dc:rights>
                    <dc:rights></dc:rights>
                    <dc:identifier>agn_sr_gym_323_77_136</dc:identifier>
                    <dc:identifier>atlanticseascapesarchive.com/items/agn_sr_gym_323_77_136.html</dc:identifier>
                </oai_dc:dc>
            </oai:metadata>
        </oai:record>
        
        <oai:record> 
            <oai:header>
                <oai:identifier>oai:atlanticseascapesarchive.com:/agn_sr_gym_328_88_171</oai:identifier> 
                <oai:datestamp>2023-09-19</oai:datestamp>
            </oai:header>
            <oai:metadata>
                <oai_dc:dc 
                xmlns:oai_dc="http://www.openarchives.org/OAI/2.0/oai_dc/" 
                xmlns:dc="http://purl.org/dc/elements/1.1/" 
                xmlns:xsi="http://www.w3.org/2001/XMLSchema-instance" 
                xsi:schemaLocation="http://www.openarchives.org/OAI/2.0/oai_dc/ 
                                    http://www.openarchives.org/OAI/2.0/oai_dc.xsd">
                    <dc:title>Comunicaciones de Brion desde Santa Marta al Ministerio de Guerra y Marina</dc:title>
                    <dc:creator>Louis Brion</dc:creator>
                    <dc:date>1820</dc:date><dc:description>Comunicaciones de Louis Brion desde Santa Marta al Ministerio de Guerra y Marina. Contiene información sobre diversos temas: entradas y salidas de buques, corsarios, el comandante Aury.</dc:description>
                    <dc:subject>Corso;Buques;Relaciones Exteriores</dc:subject>
                    <dc:type>Image;StillImage</dc:type>
                    <dc:rights>Public domain</dc:rights>
                    <dc:rights></dc:rights>
                    <dc:identifier>agn_sr_gym_328_88_171</dc:identifier>
                    <dc:identifier>atlanticseascapesarchive.com/items/agn_sr_gym_328_88_171.html</dc:identifier>
                </oai_dc:dc>
            </oai:metadata>
        </oai:record>
        
        <oai:record> 
            <oai:header>
                <oai:identifier>oai:atlanticseascapesarchive.com:/agn_sr_gym_328_161_201</oai:identifier> 
                <oai:datestamp>2023-09-19</oai:datestamp>
            </oai:header>
            <oai:metadata>
                <oai_dc:dc 
                xmlns:oai_dc="http://www.openarchives.org/OAI/2.0/oai_dc/" 
                xmlns:dc="http://purl.org/dc/elements/1.1/" 
                xmlns:xsi="http://www.w3.org/2001/XMLSchema-instance" 
                xsi:schemaLocation="http://www.openarchives.org/OAI/2.0/oai_dc/ 
                                    http://www.openarchives.org/OAI/2.0/oai_dc.xsd">
                    <dc:title>Comunicaciones del comandante Louis Brion al ministro de guerra y marinasobre construcción de lanchas cañoneras y aumento de fuerza marítima.</dc:title>
                    <dc:creator>Louis Brion</dc:creator>
                    <dc:date>1821-01-29</dc:date><dc:description>Comunicaciones del comandante Louis Brion al Ministro de Marina sobre construcción de lanchas cañoneras y aumento de fuerza marítima. Nombre de embarcaciones y sus tripulaciones, armamento, matrícula de perscadores.</dc:description>
                    <dc:subject>Embarcaciones;Armamento;Matrícula de mar</dc:subject>
                    <dc:type>Image;StillImage</dc:type>
                    <dc:rights>Public domain</dc:rights>
                    <dc:rights></dc:rights>
                    <dc:identifier>agn_sr_gym_328_161_201</dc:identifier>
                    <dc:identifier>atlanticseascapesarchive.com/items/agn_sr_gym_328_161_201.html</dc:identifier>
                </oai_dc:dc>
            </oai:metadata>
        </oai:record>
        
        <oai:record> 
            <oai:header>
                <oai:identifier>oai:atlanticseascapesarchive.com:/agn_sr_gym_329_686_702</oai:identifier> 
                <oai:datestamp>2023-09-19</oai:datestamp>
            </oai:header>
            <oai:metadata>
                <oai_dc:dc 
                xmlns:oai_dc="http://www.openarchives.org/OAI/2.0/oai_dc/" 
                xmlns:dc="http://purl.org/dc/elements/1.1/" 
                xmlns:xsi="http://www.w3.org/2001/XMLSchema-instance" 
                xsi:schemaLocation="http://www.openarchives.org/OAI/2.0/oai_dc/ 
                                    http://www.openarchives.org/OAI/2.0/oai_dc.xsd">
                    <dc:title>Cuadros de entradas y salidas de buques de Sabanilla remitidas por el capitán del puerto de Sabanilla y comandante de la bahía al Ministerio de Marina</dc:title>
                    <dc:creator>Capitán del puerto de Sabanilla y comandante de la bahía</dc:creator>
                    <dc:date>1821</dc:date><dc:description>Cuadros de entradas y salidas de buques de Sabanilla remitidas por el capitán del puerto de Sabanilla y comandante de la bahía al Ministerio de Marina. Contiene información de nombres y tipos de buques.</dc:description>
                    <dc:subject>Buques;Entradas y salidas</dc:subject>
                    <dc:type>Image;StillImage</dc:type>
                    <dc:rights>Public domain</dc:rights>
                    <dc:rights></dc:rights>
                    <dc:identifier>agn_sr_gym_329_686_702</dc:identifier>
                    <dc:identifier>atlanticseascapesarchive.com/items/agn_sr_gym_329_686_702.html</dc:identifier>
                </oai_dc:dc>
            </oai:metadata>
        </oai:record>
        
        <oai:record> 
            <oai:header>
                <oai:identifier>oai:atlanticseascapesarchive.com:/agn_sr_gym_339_435_497</oai:identifier> 
                <oai:datestamp>2023-09-19</oai:datestamp>
            </oai:header>
            <oai:metadata>
                <oai_dc:dc 
                xmlns:oai_dc="http://www.openarchives.org/OAI/2.0/oai_dc/" 
                xmlns:dc="http://purl.org/dc/elements/1.1/" 
                xmlns:xsi="http://www.w3.org/2001/XMLSchema-instance" 
                xsi:schemaLocation="http://www.openarchives.org/OAI/2.0/oai_dc/ 
                                    http://www.openarchives.org/OAI/2.0/oai_dc.xsd">
                    <dc:title>Información de corsarios y presas de corso de los departamentos de marina de Maracaibo y Margarita remitidos al Comandante General de Marina y el Ministerio de Marina. Comunicaciones de la comandancia general de marina del primer departamento de Marina (Puerto Cabello)</dc:title>
                    <dc:creator>Comandancia del departamento de Marina de Puerto Cabello</dc:creator>
                    <dc:date>1828</dc:date><dc:description>Registro de corsarios en el departamento de marina de Maracaibo desde 1822-1828 y testimonios de presas. Documentos del archivo de Margarita relativo al armamento de corsarios. Comunicaciones del primer departamento de marina (Puerto Cabello) a la Secretaría de Estado y del Despacho de Marina</dc:description>
                    <dc:subject>Corso;Embarcaciones;Capitanes;Patentes</dc:subject>
                    <dc:type>Image;StillImage</dc:type>
                    <dc:rights>Public domain</dc:rights>
                    <dc:rights></dc:rights>
                    <dc:identifier>agn_sr_gym_339_435_497</dc:identifier>
                    <dc:identifier>atlanticseascapesarchive.com/items/agn_sr_gym_339_435_497.html</dc:identifier>
                </oai_dc:dc>
            </oai:metadata>
        </oai:record>
        
        <oai:record> 
            <oai:header>
                <oai:identifier>oai:atlanticseascapesarchive.com:/agn_sr_gym_344_264_337</oai:identifier> 
                <oai:datestamp>2023-09-19</oai:datestamp>
            </oai:header>
            <oai:metadata>
                <oai_dc:dc 
                xmlns:oai_dc="http://www.openarchives.org/OAI/2.0/oai_dc/" 
                xmlns:dc="http://purl.org/dc/elements/1.1/" 
                xmlns:xsi="http://www.w3.org/2001/XMLSchema-instance" 
                xsi:schemaLocation="http://www.openarchives.org/OAI/2.0/oai_dc/ 
                                    http://www.openarchives.org/OAI/2.0/oai_dc.xsd">
                    <dc:title>Cuadros de entradas y salidas de buques de Venezuela al Ministerio de Marina</dc:title>
                    <dc:creator>Comandancia de Marina de Maracaibo</dc:creator>
                    <dc:date>1823</dc:date><dc:description>Cuadros de entradas y salidas de buques de Puerto de la Vela, Zulia, Guaira.</dc:description>
                    <dc:subject>Entradas y salidas;Embarcaciones</dc:subject>
                    <dc:type>Image;StillImage</dc:type>
                    <dc:rights>Public domain</dc:rights>
                    <dc:rights></dc:rights>
                    <dc:identifier>agn_sr_gym_344_264_337</dc:identifier>
                    <dc:identifier>atlanticseascapesarchive.com/items/agn_sr_gym_344_264_337.html</dc:identifier>
                </oai_dc:dc>
            </oai:metadata>
        </oai:record>
        
        <oai:record> 
            <oai:header>
                <oai:identifier>oai:atlanticseascapesarchive.com:/agn_sr_gym_344_339_452</oai:identifier> 
                <oai:datestamp>2023-09-19</oai:datestamp>
            </oai:header>
            <oai:metadata>
                <oai_dc:dc 
                xmlns:oai_dc="http://www.openarchives.org/OAI/2.0/oai_dc/" 
                xmlns:dc="http://purl.org/dc/elements/1.1/" 
                xmlns:xsi="http://www.w3.org/2001/XMLSchema-instance" 
                xsi:schemaLocation="http://www.openarchives.org/OAI/2.0/oai_dc/ 
                                    http://www.openarchives.org/OAI/2.0/oai_dc.xsd">
                    <dc:title>Estados de entradas y salidas de buques del tercer departamento de Marina.</dc:title>
                    <dc:creator>Comandancia de marina del tercer departamento</dc:creator>
                    <dc:date>1823</dc:date><dc:description>Estados de entradas y salidas de buques del tercer departamento de Marina. Santa Marta, Cartagena, Riohacha, Portobelo. Cuadros de estado de los buques de guerra.</dc:description>
                    <dc:subject>Embarcaciones;Entradas y salidas</dc:subject>
                    <dc:type>Image;StillImage</dc:type>
                    <dc:rights>Public domain</dc:rights>
                    <dc:rights></dc:rights>
                    <dc:identifier>agn_sr_gym_344_339_452</dc:identifier>
                    <dc:identifier>atlanticseascapesarchive.com/items/agn_sr_gym_344_339_452.html</dc:identifier>
                </oai_dc:dc>
            </oai:metadata>
        </oai:record>
        
        <oai:record> 
            <oai:header>
                <oai:identifier>oai:atlanticseascapesarchive.com:/agn_sr_gym_344_621_669</oai:identifier> 
                <oai:datestamp>2023-09-19</oai:datestamp>
            </oai:header>
            <oai:metadata>
                <oai_dc:dc 
                xmlns:oai_dc="http://www.openarchives.org/OAI/2.0/oai_dc/" 
                xmlns:dc="http://purl.org/dc/elements/1.1/" 
                xmlns:xsi="http://www.w3.org/2001/XMLSchema-instance" 
                xsi:schemaLocation="http://www.openarchives.org/OAI/2.0/oai_dc/ 
                                    http://www.openarchives.org/OAI/2.0/oai_dc.xsd">
                    <dc:title>Testimonio del expediente sobre el trasbordo de varios efectos pertenecientes a españoles del bergantín inglés Ugie a la goleta corsario General Santander</dc:title>
                    <dc:creator>Comandancia de Marina (2 departamento)</dc:creator>
                    <dc:date>1823</dc:date><dc:description>Testimonio del expediente sobre el trasbordo de varios efectos pertenecientes a españoles del bergantín inglés Ugie a la goleta corsario General Santander. Eran mercancías de comerciantes españoles que transportaba el bergantín.</dc:description>
                    <dc:subject>Corso;Comercio</dc:subject>
                    <dc:type>Image;StillImage</dc:type>
                    <dc:rights>Public domain</dc:rights>
                    <dc:rights></dc:rights>
                    <dc:identifier>agn_sr_gym_344_621_669</dc:identifier>
                    <dc:identifier>atlanticseascapesarchive.com/items/agn_sr_gym_344_621_669.html</dc:identifier>
                </oai_dc:dc>
            </oai:metadata>
        </oai:record>
        
        <oai:record> 
            <oai:header>
                <oai:identifier>oai:atlanticseascapesarchive.com:/agn_sr_gym_344_670_702</oai:identifier> 
                <oai:datestamp>2023-09-19</oai:datestamp>
            </oai:header>
            <oai:metadata>
                <oai_dc:dc 
                xmlns:oai_dc="http://www.openarchives.org/OAI/2.0/oai_dc/" 
                xmlns:dc="http://purl.org/dc/elements/1.1/" 
                xmlns:xsi="http://www.w3.org/2001/XMLSchema-instance" 
                xsi:schemaLocation="http://www.openarchives.org/OAI/2.0/oai_dc/ 
                                    http://www.openarchives.org/OAI/2.0/oai_dc.xsd">
                    <dc:title>Testimonio de presa de corso del bergantín María Dolores capturado por el bergantín corsario El Águila.</dc:title>
                    <dc:creator>Comandancia de marina del segundo departamento</dc:creator>
                    <dc:date>1823</dc:date><dc:description>Testimonio del expediente en que el señor Juan Carlos King solicitó se declarase buena presa el bergantín español María dolores capturado por el bergantín corsario el Águila, cuyo buque y carga está retenido por la Aduana de la isla de Barbada</dc:description>
                    <dc:subject>Corso;Comercio;Presa</dc:subject>
                    <dc:type>Image;StillImage</dc:type>
                    <dc:rights>Public domain</dc:rights>
                    <dc:rights></dc:rights>
                    <dc:identifier>agn_sr_gym_344_670_702</dc:identifier>
                    <dc:identifier>atlanticseascapesarchive.com/items/agn_sr_gym_344_670_702.html</dc:identifier>
                </oai_dc:dc>
            </oai:metadata>
        </oai:record>
        
        <oai:record> 
            <oai:header>
                <oai:identifier>oai:atlanticseascapesarchive.com:/agn_sr_gym_344_703_725</oai:identifier> 
                <oai:datestamp>2023-09-19</oai:datestamp>
            </oai:header>
            <oai:metadata>
                <oai_dc:dc 
                xmlns:oai_dc="http://www.openarchives.org/OAI/2.0/oai_dc/" 
                xmlns:dc="http://purl.org/dc/elements/1.1/" 
                xmlns:xsi="http://www.w3.org/2001/XMLSchema-instance" 
                xsi:schemaLocation="http://www.openarchives.org/OAI/2.0/oai_dc/ 
                                    http://www.openarchives.org/OAI/2.0/oai_dc.xsd">
                    <dc:title>Testimonio del expediente de presa de la goleta española Dolores por la goleta corsario Ninfa</dc:title>
                    <dc:creator>Comandancia de marina del segundo departamento</dc:creator>
                    <dc:date>1823</dc:date><dc:description>Testimonio del expediente de presa de la goleta española Dolores por la goleta corsario Ninfa</dc:description>
                    <dc:subject>Corso;Comercio;Presa</dc:subject>
                    <dc:type>Image;StillImage</dc:type>
                    <dc:rights>Public domain</dc:rights>
                    <dc:rights></dc:rights>
                    <dc:identifier>agn_sr_gym_344_703_725</dc:identifier>
                    <dc:identifier>atlanticseascapesarchive.com/items/agn_sr_gym_344_703_725.html</dc:identifier>
                </oai_dc:dc>
            </oai:metadata>
        </oai:record>
        
        <oai:record> 
            <oai:header>
                <oai:identifier>oai:atlanticseascapesarchive.com:/agn_sr_gym_344_799_847</oai:identifier> 
                <oai:datestamp>2023-09-19</oai:datestamp>
            </oai:header>
            <oai:metadata>
                <oai_dc:dc 
                xmlns:oai_dc="http://www.openarchives.org/OAI/2.0/oai_dc/" 
                xmlns:dc="http://purl.org/dc/elements/1.1/" 
                xmlns:xsi="http://www.w3.org/2001/XMLSchema-instance" 
                xsi:schemaLocation="http://www.openarchives.org/OAI/2.0/oai_dc/ 
                                    http://www.openarchives.org/OAI/2.0/oai_dc.xsd">
                    <dc:title>Testimonio del expediente de presa del bergantín español Nuestra Señora del Rosario por la goleta corsario General Santander.</dc:title>
                    <dc:creator>Comandancia de marina del segundo departamento</dc:creator>
                    <dc:date>1823</dc:date><dc:description>Testimonio del expediente de presa del bergantín español Nuestra Señora del Rosario por la goleta corsario General Santander.</dc:description>
                    <dc:subject>Corso;Comercio;Presa</dc:subject>
                    <dc:type>Image;StillImage</dc:type>
                    <dc:rights>Public domain</dc:rights>
                    <dc:rights></dc:rights>
                    <dc:identifier>agn_sr_gym_344_799_847</dc:identifier>
                    <dc:identifier>atlanticseascapesarchive.com/items/agn_sr_gym_344_799_847.html</dc:identifier>
                </oai_dc:dc>
            </oai:metadata>
        </oai:record>
        
        <oai:record> 
            <oai:header>
                <oai:identifier>oai:atlanticseascapesarchive.com:/agn_sr_gym_344_848_898</oai:identifier> 
                <oai:datestamp>2023-09-19</oai:datestamp>
            </oai:header>
            <oai:metadata>
                <oai_dc:dc 
                xmlns:oai_dc="http://www.openarchives.org/OAI/2.0/oai_dc/" 
                xmlns:dc="http://purl.org/dc/elements/1.1/" 
                xmlns:xsi="http://www.w3.org/2001/XMLSchema-instance" 
                xsi:schemaLocation="http://www.openarchives.org/OAI/2.0/oai_dc/ 
                                    http://www.openarchives.org/OAI/2.0/oai_dc.xsd">
                    <dc:title>Testimonio del expediente sobre el apresamiento y condena de buena presa del bergantín español Diana capturado por el bergantín corsario Águila</dc:title>
                    <dc:creator>Comandancia de marina del segundo departamento</dc:creator>
                    <dc:date>1823</dc:date><dc:description>Testimonio del expediente sobre el apresamiento y condena de buena presa del bergantín español Diana capturado por el bergantín corsario Águila</dc:description>
                    <dc:subject>Corso;Comercio;Presa</dc:subject>
                    <dc:type>Image;StillImage</dc:type>
                    <dc:rights>Public domain</dc:rights>
                    <dc:rights></dc:rights>
                    <dc:identifier>agn_sr_gym_344_848_898</dc:identifier>
                    <dc:identifier>atlanticseascapesarchive.com/items/agn_sr_gym_344_848_898.html</dc:identifier>
                </oai_dc:dc>
            </oai:metadata>
        </oai:record>
        
        <oai:record> 
            <oai:header>
                <oai:identifier>oai:atlanticseascapesarchive.com:/agn_sr_gym_344_899_908</oai:identifier> 
                <oai:datestamp>2023-09-19</oai:datestamp>
            </oai:header>
            <oai:metadata>
                <oai_dc:dc 
                xmlns:oai_dc="http://www.openarchives.org/OAI/2.0/oai_dc/" 
                xmlns:dc="http://purl.org/dc/elements/1.1/" 
                xmlns:xsi="http://www.w3.org/2001/XMLSchema-instance" 
                xsi:schemaLocation="http://www.openarchives.org/OAI/2.0/oai_dc/ 
                                    http://www.openarchives.org/OAI/2.0/oai_dc.xsd">
                    <dc:title>Testimonio del expediente sobre el represamiento del falucho nacional Rosario por la corbeta de guerra Bolívar</dc:title>
                    <dc:creator>Comandancia de marina del segundo departamento</dc:creator>
                    <dc:date>1823</dc:date><dc:description>Testimonio del expediente sobre el represamiento del falucho nacional Rosario por la corbeta de guerra Bolívar</dc:description>
                    <dc:subject>Corso;Comercio;Presa</dc:subject>
                    <dc:type>Image;StillImage</dc:type>
                    <dc:rights>Public domain</dc:rights>
                    <dc:rights></dc:rights>
                    <dc:identifier>agn_sr_gym_344_899_908</dc:identifier>
                    <dc:identifier>atlanticseascapesarchive.com/items/agn_sr_gym_344_899_908.html</dc:identifier>
                </oai_dc:dc>
            </oai:metadata>
        </oai:record>
        
        <oai:record> 
            <oai:header>
                <oai:identifier>oai:atlanticseascapesarchive.com:/agn_sr_gym_344_909_932</oai:identifier> 
                <oai:datestamp>2023-09-19</oai:datestamp>
            </oai:header>
            <oai:metadata>
                <oai_dc:dc 
                xmlns:oai_dc="http://www.openarchives.org/OAI/2.0/oai_dc/" 
                xmlns:dc="http://purl.org/dc/elements/1.1/" 
                xmlns:xsi="http://www.w3.org/2001/XMLSchema-instance" 
                xsi:schemaLocation="http://www.openarchives.org/OAI/2.0/oai_dc/ 
                                    http://www.openarchives.org/OAI/2.0/oai_dc.xsd">
                    <dc:title>Testimonio del expediente sobre el apresamiento de la goleta española la María Antonia por la goleta corsario particular de la república La Centella.</dc:title>
                    <dc:creator>Comandancia de marina del segundo departamento</dc:creator>
                    <dc:date>1823</dc:date><dc:description>Testimonio del expediente sobre el represamiento del falucho nacional Rosario por la corbeta de guerra Bolívar</dc:description>
                    <dc:subject>Corso;Comercio;Presa</dc:subject>
                    <dc:type>Image;StillImage</dc:type>
                    <dc:rights>Public domain</dc:rights>
                    <dc:rights></dc:rights>
                    <dc:identifier>agn_sr_gym_344_909_932</dc:identifier>
                    <dc:identifier>atlanticseascapesarchive.com/items/agn_sr_gym_344_909_932.html</dc:identifier>
                </oai_dc:dc>
            </oai:metadata>
        </oai:record>
        
        <oai:record> 
            <oai:header>
                <oai:identifier>oai:atlanticseascapesarchive.com:/agn_smp_4_80a</oai:identifier> 
                <oai:datestamp>2023-09-19</oai:datestamp>
            </oai:header>
            <oai:metadata>
                <oai_dc:dc 
                xmlns:oai_dc="http://www.openarchives.org/OAI/2.0/oai_dc/" 
                xmlns:dc="http://purl.org/dc/elements/1.1/" 
                xmlns:xsi="http://www.w3.org/2001/XMLSchema-instance" 
                xsi:schemaLocation="http://www.openarchives.org/OAI/2.0/oai_dc/ 
                                    http://www.openarchives.org/OAI/2.0/oai_dc.xsd">
                    <dc:title>1800. Cartagena. Punta Canoa hasta el Castillo de San José</dc:title>
                    <dc:creator></dc:creator>
                    <dc:date>1800</dc:date><dc:description>Cartagena: Mapa de la costa, desde Punta Canoa haste el Castillo de San José con los accidentes de la misma, las construcciones y las profundidades litorales.</dc:description>
                    <dc:subject>Mapa</dc:subject>
                    <dc:type>Image;StillImage</dc:type>
                    <dc:rights>Public domain</dc:rights>
                    <dc:rights></dc:rights>
                    <dc:identifier>agn_smp_4_80a</dc:identifier>
                    <dc:identifier>atlanticseascapesarchive.com/items/agn_smp_4_80a.html</dc:identifier>
                </oai_dc:dc>
            </oai:metadata>
        </oai:record>
        
    </ListRecords>
</Repository>