{ 
    "title": "ATLANTIC SEASCAPES PROJECT",
    "url": "atlanticseascapesarchive.com/",
    "image": "/objects/agn_smp_4_80a.jpg", 
    "description": "Atlantic Seascapes Project es un archivo digital que busca facilitar el acceso a la historia marítima del Atlántico y del Caribe en la Era de las Revoluciones. Particularmente, se muestran documentos de embarcaciones, marineros, piratas, corsarios, y trabajadores del puerto (entre los que se encontraban mujeres y esclavos)",
    "publisher": { 
        "name": "Atlantic Seascapes Archive", 
        "url": "", 
        "logo": "" 
    },
    "date_start": "1807",
    "date_end": "1827",
    "objects": {
        "application/pdf": "65"
        
    },
    "data": "atlanticseascapesarchive.com/assets/data/datapackage.json",
    "last_build_date": "2023-12-06"
}

