{ 
    "title": "ATLANTIC SEASCAPES PROJECT",
    "url": "atlanticseascapesarchive.com/",
    "image": "", 
    "description": "Atlantic Seascapes Project es un archivo digital que busca facilitar el acceso a la historia marítima del Atlántico y del Caribe",
    "publisher": { 
        "name": "Atlantic Seascapes Archive", 
        "url": "https://cdil.lib.uidaho.edu/", 
        "logo": "https://cdil.lib.uidaho.edu/storying-extinction/assets/img/cdil.png" 
    },
    "date_start": "1800",
    "date_end": "1828",
    "objects": {
        "application/pdf": "14",
        "image/jpg": "1"
        
    },
    "data": "atlanticseascapesarchive.com/assets/data/datapackage.json",
    "last_build_date": "2023-09-19"
}

