{
    "facets": [ 
        {
            "field": "subject",
            "terms": { 
                "corso": 10,
                "comercio": 7,
                "presa": 6,
                "embarcaciones": 4,
                "entradas y salidas": 3,
                "relaciones exteriores": 2,
                "buques": 2,
                "mapa": 1,
                "ordenanza": 1,
                "armamento": 1,
                "matrícula de mar": 1,
                "capitanes": 1,
                "patentes": 1
            }
        },
        {
            "field": "creator",
            "terms": { 
                "comandancia de marina del segundo departamento": 6,
                "louis brion": 2,
                "comandancia del departamento de marina de puerto cabello": 1,
                "secretaría de relaciones exteriores": 1,
                "comandancia de marina del tercer departamento": 1,
                "comandancia de marina (2 departamento)": 1,
                "comandancia de marina de maracaibo": 1,
                "capitán del puerto de sabanilla y comandante de la bahía": 1
            }
        },
        {
            "field": "format",
            "terms": { 
                "application/pdf": 14,
                "image/jpg": 1
            }
        }
        
    ]
}
