{
    "facets": [ 
        {
            "field": "subject",
            "terms": { 
                "embarcaciones": 58,
                "comercio": 47,
                "relaciones exteriores": 43,
                "corso": 28,
                "entradas y salidas de buques": 9,
                "pesca": 6,
                "ordenanzas de marina": 5,
                "comunicaciones": 2,
                "comandancia de mariana": 2,
                "buques": 2,
                "corsarios": 2,
                "pintura": 1,
                "apostadero de la marina": 1,
                "reparaciones": 1,
                "ordenanzas de presa": 1,
                "solictud de ascensos": 1,
                "oficios": 1,
                "jurisdicción de marina": 1,
                "correspondencia": 1,
                "venduta publica": 1,
                "ordenaznas de matricula": 1,
                "cofradía de mar": 1,
                "ley de corso": 1,
                "cajas maritimas": 1,
                "almoneda": 1,
                "cajas marítimas": 1,
                "reales cedulas": 1,
                "ordenanzas de armada": 1,
                "averia": 1,
                "consules": 1,
                "ordenanzas de matrícula, armada y marina": 1,
                "matriculas.": 1,
                "inventario.": 1,
                "ciénagas": 1,
                "crimen": 1,
                "ordenanzas navales": 1,
                "contratas": 1,
                "campaña de independencia": 1,
                "entrada y salida de buques": 1,
                "derechos de puerto": 1,
                "libros": 1,
                "artesanos": 1,
                "herreria": 1
            }
        },
        {
            "field": "creator",
            "terms": { 
                "tribunal del segundo departamento de marina": 30,
                "tercer departamento de marina": 2,
                "comandancia del segundo departamento de marina": 2,
                "tribunal de marina del segundo departamento de marina": 2,
                "comandancia general del tercer departamento de marina": 2,
                "jose antonio muñoz, comisionado ante el gobierno de chile": 2,
                "luis brion, almirante de la república y general en jefe de los ejércitos": 2,
                "varias adminsitraciones de correos": 1,
                "capitanes de puerto jose hernández, jose borrego, joaquín andrade, y manuel de zamora": 1,
                "capitanes de puerto  lino de clemente, matías padrón, felipe esteves, y josé fernández": 1,
                "capitanes de puerto vicente borrego, jaime brom y josé fernández": 1,
                "comandancia principal del segundo departamento de marina": 1,
                "comandancia general del segundo departamento de marina": 1,
                "división de marina del bajo magdalena": 1,
                "secretaria general del cuartel general de guayaquil": 1,
                "comandante general del departamento del zulia": 1,
                "comandante general del segundo departamento de marina del norte": 1,
                "comandancia general del itsmo de panama": 1,
                "capitanía del puerto del istmo de panamá (josé  maldonado de san juan, capitán de puerto)": 1,
                "capitán de puerto de sabanilla y comandante de la bahía j. carbomo.": 1,
                "renato beluche, capitán de navío": 1,
                "luis brion": 1,
                "apostadero de la marina de cartagena de indias": 1,
                "secretaria de estado en el despacho de relaciones exteriores": 1,
                "alférez de fragata josé antonio padilla, subteniente de infantería de marina juan antonio hernández,  capitán y guardián josé garcía, capitán y guardián antonio diz.": 1,
                "comandancia general del magdalena": 1,
                "intendencia del departamento de quito": 1
            }
        },
        {
            "field": "format",
            "terms": { 
                "application/pdf": 65
            }
        }
        
    ]
}
