{
    "type": "FeatureCollection",
    "features": [ 
        
        {
            "type":"Feature",
            "geometry":{
                "type":"Point",
                "coordinates":[-117.009633,46.725562]
            },            
            "properties":{
                "title": "Ordenanza de corso dictada por Bolívar",
                "creator": "Secretaría de Relaciones Exteriores",
                "date": "1817-03-07",
                "description": "Reformas a la ordenanza de corso creada por Bolíva",
                "subject": "Corso;Ordenanza;Relaciones Exteriores",
                "location": "Colombia",
                "latitude": "46.725562",
                "longitude": "-117.009633",
                "source": "Archivo General de la Nación (Col), Sección República, Secretaría de Guerra y Marina, Tomo 323, ff. 77-136",
                "identifier": "pg_9_12_01bl",
                "type": "Image;StillImage",
                "format": "application/pdf",
                "language": "spa",
                "rights": "Public domain",
                
                
                "object_location": "atlanticseascapesarchive.com/objects/agn_sr_gym_323_77_136.pdf",
                "reference_url": "atlanticseascapesarchive.com/items/agn_sr_gym_323_77_136.html"
            }
        }
    ]
}