{
    "type": "FeatureCollection",
    "features": [ 
        
        {
            "type":"Feature",
            "geometry":{
                "type":"Point",
                "coordinates":[-74.78132,10.96854]
            },            
            "properties":{
                "Código de referencia ": "CO. AGN. Sección República. Secretaría de Guerra y Marina, 328, 83-86",
                "Título": "Informaciones del Almirante Luis Brion al Ministro de Marina Pedro Briseño",
                "Fecha inicial": "1820",
                "Fecha final": "1820",
                "Nivel de descripción": "Unidad documental simple",
                
                "Nombre de los productores.": "Luis Brion",
                
                "Historia archivística": "Esta documentación reposa originalmente en el Archivo General de la Nación de Colombia, en la Sección República, fondo Guerra y Marina. Estos documentos pertenecían en sus inicios al Ministerio de Marina, que fue combinado en 1829 con el Ministerio de Guerra para formar el Ministerio de Guerra y Marina. Luego, en 1868, durante la Administración Santos Acosta, se decreta que las cuatro secretarías de estado (de los Interior y Relaciones Exteriores, del Tesoro, de Hacienda, y de Guerra y Marina) debían formar uno solo. Los documentos de la Secretaría de Guerra y Marina se trasladan al Archivo Nacional donde reposan actualmente. ",
                
                "Alcance y contenido": "Carta del almirante Luis Brion al Ministro de Marina Pedro Briseño Mendez sobre las órdenes para recuperar Santa Marta y otros puertos importantes, la desobediencia de marinos ingleses, los pagos por presas hechas por corsarios y entradas de Barcos",
                "Lugares": "Barranquilla (Colombia); Sabanilla (Colombia);\n Maracaibo (Venezuela); Santa Marta (Colombia); Margarita (Venezuela);",
                "Palabras clave": "Embarcaciones, Corsarios, Cienagas, ",
                "Embarcaciones": "Bergantín Corsario El Bolívar, Bergantín Goleta Valeroso\n",
                "Condiciones de acceso": "Libre consulta. Los originales se encuentran también en libre consulta en el Archivo General de la Nación de Colombia.",
                "Lengua": "Español",
                "Características físicas": "Estado de conservación bueno.",
                "Existencia y localización de los originales": "Archivo General de la Nación de Colombia",
                "Nombre del archivista": "Juan Diego Suarez",
                "Normas de descripción": "ISADG (G)",
                "Fecha de la descripción": "29/09/2023",
                
                "object_location": "atlanticseascapesarchive.com/objects/agn_sr_gym_328_83_86.pdf",
                "reference_url": "atlanticseascapesarchive.com/items/agn_sr_gym_328_83_86.html"
            }
        }
    ]
}