{ "locations": [
    { "location" : "guayra", "count" : 7, "link" : "atlanticseascapesarchive.com/browse.html#guayra" },
    { "location" : "santa marta, colombia", "count" : 2, "link" : "atlanticseascapesarchive.com/browse.html#santa%20marta,%20colombia" },
    { "location" : "cartagena", "count" : 2, "link" : "atlanticseascapesarchive.com/browse.html#cartagena" },
    { "location" : "colombia", "count" : 1, "link" : "atlanticseascapesarchive.com/browse.html#colombia" },
    { "location" : "sabanilla, colombia", "count" : 1, "link" : "atlanticseascapesarchive.com/browse.html#sabanilla,%20colombia" },
    { "location" : "maracaibo, venezuela", "count" : 1, "link" : "atlanticseascapesarchive.com/browse.html#maracaibo,%20venezuela" },
    { "location" : "zulia, venezuela", "count" : 1, "link" : "atlanticseascapesarchive.com/browse.html#zulia,%20venezuela" }
]}