{ "locations": [
    { "location" : "puerto cabello (venezuela)", "count" : 28, "link" : "atlanticseascapesarchive.com/browse.html#puerto%20cabello%20(venezuela)" },
    { "location" : "guaira (venezuela)", "count" : 13, "link" : "atlanticseascapesarchive.com/browse.html#guaira%20(venezuela)" },
    { "location" : "cartagena (colombia)", "count" : 10, "link" : "atlanticseascapesarchive.com/browse.html#cartagena%20(colombia)" },
    { "location" : "habana (cuba)", "count" : 8, "link" : "atlanticseascapesarchive.com/browse.html#habana%20(cuba)" },
    { "location" : "bogotá (colombia)", "count" : 7, "link" : "atlanticseascapesarchive.com/browse.html#bogot%C3%A1%20(colombia)" },
    { "location" : "santa marta (colombia)", "count" : 7, "link" : "atlanticseascapesarchive.com/browse.html#santa%20marta%20(colombia)" },
    { "location" : "maracaibo (venezuela)", "count" : 7, "link" : "atlanticseascapesarchive.com/browse.html#maracaibo%20(venezuela)" },
    { "location" : "coruña (españa)", "count" : 5, "link" : "atlanticseascapesarchive.com/browse.html#coru%C3%B1a%20(espa%C3%B1a)" },
    { "location" : "barcelona (españa)", "count" : 4, "link" : "atlanticseascapesarchive.com/browse.html#barcelona%20(espa%C3%B1a)" },
    { "location" : "cartagena de indias (colombia)", "count" : 3, "link" : "atlanticseascapesarchive.com/browse.html#cartagena%20de%20indias%20(colombia)" },
    { "location" : "cádiz (españa)", "count" : 3, "link" : "atlanticseascapesarchive.com/browse.html#c%C3%A1diz%20(espa%C3%B1a)" },
    { "location" : "(panamá)", "count" : 3, "link" : "atlanticseascapesarchive.com/browse.html#(panam%C3%A1)" },
    { "location" : "buenaventura (colombia)", "count" : 3, "link" : "atlanticseascapesarchive.com/browse.html#buenaventura%20(colombia)" },
    { "location" : "río hacha (colombia)", "count" : 3, "link" : "atlanticseascapesarchive.com/browse.html#r%C3%ADo%20hacha%20(colombia)" },
    { "location" : "guayaquil (ecuador)", "count" : 3, "link" : "atlanticseascapesarchive.com/browse.html#guayaquil%20(ecuador)" },
    { "location" : "la habana (cuba)", "count" : 3, "link" : "atlanticseascapesarchive.com/browse.html#la%20habana%20(cuba)" },
    { "location" : "sabanilla (colombia)", "count" : 2, "link" : "atlanticseascapesarchive.com/browse.html#sabanilla%20(colombia)" },
    { "location" : "cali (colombia)", "count" : 2, "link" : "atlanticseascapesarchive.com/browse.html#cali%20(colombia)" },
    { "location" : "cadiz (españa)", "count" : 2, "link" : "atlanticseascapesarchive.com/browse.html#cadiz%20(espa%C3%B1a)" },
    { "location" : "londres (inglaterra)", "count" : 2, "link" : "atlanticseascapesarchive.com/browse.html#londres%20(inglaterra)" },
    { "location" : "valparaiso (chile)", "count" : 2, "link" : "atlanticseascapesarchive.com/browse.html#valparaiso%20(chile)" },
    { "location" : "caracas (venezuela)", "count" : 2, "link" : "atlanticseascapesarchive.com/browse.html#caracas%20(venezuela)" },
    { "location" : "baltimore (estados unidos)", "count" : 1, "link" : "atlanticseascapesarchive.com/browse.html#baltimore%20(estados%20unidos)" },
    { "location" : "nueva orleans (estados unidos)", "count" : 1, "link" : "atlanticseascapesarchive.com/browse.html#nueva%20orleans%20(estados%20unidos)" },
    { "location" : "santa cruz de tenerife (españa)", "count" : 1, "link" : "atlanticseascapesarchive.com/browse.html#santa%20cruz%20de%20tenerife%20(espa%C3%B1a)" },
    { "location" : "giron (españa)", "count" : 1, "link" : "atlanticseascapesarchive.com/browse.html#giron%20(espa%C3%B1a)" },
    { "location" : "san eustaquio (países bajos)", "count" : 1, "link" : "atlanticseascapesarchive.com/browse.html#san%20eustaquio%20(pa%C3%ADses%20bajos)" },
    { "location" : "santiago de (cuba)", "count" : 1, "link" : "atlanticseascapesarchive.com/browse.html#santiago%20de%20(cuba)" },
    { "location" : "bilbao (españa)", "count" : 1, "link" : "atlanticseascapesarchive.com/browse.html#bilbao%20(espa%C3%B1a)" },
    { "location" : "bilbao málaga (españa)", "count" : 1, "link" : "atlanticseascapesarchive.com/browse.html#bilbao%20m%C3%A1laga%20(espa%C3%B1a)" },
    { "location" : "mariel habana (cuba)", "count" : 1, "link" : "atlanticseascapesarchive.com/browse.html#mariel%20habana%20(cuba)" },
    { "location" : "cunamá (venezuela)", "count" : 1, "link" : "atlanticseascapesarchive.com/browse.html#cunam%C3%A1%20(venezuela)" },
    { "location" : "alicante (españa)", "count" : 1, "link" : "atlanticseascapesarchive.com/browse.html#alicante%20(espa%C3%B1a)" },
    { "location" : "la coruña (españa)", "count" : 1, "link" : "atlanticseascapesarchive.com/browse.html#la%20coru%C3%B1a%20(espa%C3%B1a)" },
    { "location" : "norlfolk (estados unidos)", "count" : 1, "link" : "atlanticseascapesarchive.com/browse.html#norlfolk%20(estados%20unidos)" },
    { "location" : "villagarcía (españa)", "count" : 1, "link" : "atlanticseascapesarchive.com/browse.html#villagarc%C3%ADa%20(espa%C3%B1a)" },
    { "location" : "galicia (españa)", "count" : 1, "link" : "atlanticseascapesarchive.com/browse.html#galicia%20(espa%C3%B1a)" },
    { "location" : "mahón (españa)", "count" : 1, "link" : "atlanticseascapesarchive.com/browse.html#mah%C3%B3n%20(espa%C3%B1a)" },
    { "location" : "ferrol (españa)", "count" : 1, "link" : "atlanticseascapesarchive.com/browse.html#ferrol%20(espa%C3%B1a)" },
    { "location" : "puerto cabello (españa)", "count" : 1, "link" : "atlanticseascapesarchive.com/browse.html#puerto%20cabello%20(espa%C3%B1a)" },
    { "location" : "mataró (españa)", "count" : 1, "link" : "atlanticseascapesarchive.com/browse.html#matar%C3%B3%20(espa%C3%B1a)" },
    { "location" : "ciudad de panama (panamá)", "count" : 1, "link" : "atlanticseascapesarchive.com/browse.html#ciudad%20de%20panama%20(panam%C3%A1)" },
    { "location" : "culebra (puerto rico)", "count" : 1, "link" : "atlanticseascapesarchive.com/browse.html#culebra%20(puerto%20rico)" },
    { "location" : "curazao (países bajos)", "count" : 1, "link" : "atlanticseascapesarchive.com/browse.html#curazao%20(pa%C3%ADses%20bajos)" },
    { "location" : "saint thomas (islas virgenes)", "count" : 1, "link" : "atlanticseascapesarchive.com/browse.html#saint%20thomas%20(islas%20virgenes)" },
    { "location" : "pueto cabello (venezuela)", "count" : 1, "link" : "atlanticseascapesarchive.com/browse.html#pueto%20cabello%20(venezuela)" },
    { "location" : "málaga (españa)", "count" : 1, "link" : "atlanticseascapesarchive.com/browse.html#m%C3%A1laga%20(espa%C3%B1a)" },
    { "location" : "isla de margarita (venezuela)", "count" : 1, "link" : "atlanticseascapesarchive.com/browse.html#isla%20de%20margarita%20(venezuela)" },
    { "location" : "sagua la chica (cuba)", "count" : 1, "link" : "atlanticseascapesarchive.com/browse.html#sagua%20la%20chica%20(cuba)" },
    { "location" : "sagua la grande (cuba)", "count" : 1, "link" : "atlanticseascapesarchive.com/browse.html#sagua%20la%20grande%20(cuba)" },
    { "location" : "san juan de los remedios (cuba)", "count" : 1, "link" : "atlanticseascapesarchive.com/browse.html#san%20juan%20de%20los%20remedios%20(cuba)" },
    { "location" : "barranquilla (colombia)", "count" : 1, "link" : "atlanticseascapesarchive.com/browse.html#barranquilla%20(colombia)" },
    { "location" : "margarita (venezuela)", "count" : 1, "link" : "atlanticseascapesarchive.com/browse.html#margarita%20(venezuela)" },
    { "location" : "santiago de (chile)", "count" : 1, "link" : "atlanticseascapesarchive.com/browse.html#santiago%20de%20(chile)" },
    { "location" : "(chile)", "count" : 1, "link" : "atlanticseascapesarchive.com/browse.html#(chile)" },
    { "location" : "guayaqil (ecuador)", "count" : 1, "link" : "atlanticseascapesarchive.com/browse.html#guayaqil%20(ecuador)" },
    { "location" : "borburata (venezuela)", "count" : 1, "link" : "atlanticseascapesarchive.com/browse.html#borburata%20(venezuela)" },
    { "location" : "rio hacha (colombia)", "count" : 1, "link" : "atlanticseascapesarchive.com/browse.html#rio%20hacha%20(colombia)" },
    { "location" : "izquande (colombia)", "count" : 1, "link" : "atlanticseascapesarchive.com/browse.html#izquande%20(colombia)" },
    { "location" : "guayaquil (colombia)", "count" : 1, "link" : "atlanticseascapesarchive.com/browse.html#guayaquil%20(colombia)" },
    { "location" : "la guaira (venezuela)", "count" : 1, "link" : "atlanticseascapesarchive.com/browse.html#la%20guaira%20(venezuela)" },
    { "location" : "puerto principe (haití)", "count" : 1, "link" : "atlanticseascapesarchive.com/browse.html#puerto%20principe%20(hait%C3%AD)" },
    { "location" : "(barbados)", "count" : 1, "link" : "atlanticseascapesarchive.com/browse.html#(barbados)" },
    { "location" : "caruao (venezuela)", "count" : 1, "link" : "atlanticseascapesarchive.com/browse.html#caruao%20(venezuela)" },
    { "location" : "río chico (colombia)", "count" : 1, "link" : "atlanticseascapesarchive.com/browse.html#r%C3%ADo%20chico%20(colombia)" },
    { "location" : "soledad (colombia)", "count" : 1, "link" : "atlanticseascapesarchive.com/browse.html#soledad%20(colombia)" },
    { "location" : "portobelo (colombia)", "count" : 1, "link" : "atlanticseascapesarchive.com/browse.html#portobelo%20(colombia)" },
    { "location" : "popayan (colombia)", "count" : 1, "link" : "atlanticseascapesarchive.com/browse.html#popayan%20(colombia)" },
    { "location" : "cataluña (españa)", "count" : 1, "link" : "atlanticseascapesarchive.com/browse.html#catalu%C3%B1a%20(espa%C3%B1a)" },
    { "location" : "provincia de santiago (españa)", "count" : 1, "link" : "atlanticseascapesarchive.com/browse.html#provincia%20de%20santiago%20(espa%C3%B1a)" },
    { "location" : "reino de galicia (españa)", "count" : 1, "link" : "atlanticseascapesarchive.com/browse.html#reino%20de%20galicia%20(espa%C3%B1a)" },
    { "location" : "la vela de coro (venezuela)", "count" : 1, "link" : "atlanticseascapesarchive.com/browse.html#la%20vela%20de%20coro%20(venezuela)" }
]}