location,count,link
"guayra",7,"atlanticseascapesarchive.com/browse.html#guayra"
"santa marta, colombia",2,"atlanticseascapesarchive.com/browse.html#santa%20marta,%20colombia"
"cartagena",2,"atlanticseascapesarchive.com/browse.html#cartagena"
"colombia",1,"atlanticseascapesarchive.com/browse.html#colombia"
"sabanilla, colombia",1,"atlanticseascapesarchive.com/browse.html#sabanilla,%20colombia"
"maracaibo, venezuela",1,"atlanticseascapesarchive.com/browse.html#maracaibo,%20venezuela"
"zulia, venezuela",1,"atlanticseascapesarchive.com/browse.html#zulia,%20venezuela"
