location,count,link
"puerto cabello (venezuela)",28,"atlanticseascapesarchive.com/browse.html#puerto%20cabello%20(venezuela)"
"guaira (venezuela)",13,"atlanticseascapesarchive.com/browse.html#guaira%20(venezuela)"
"cartagena (colombia)",10,"atlanticseascapesarchive.com/browse.html#cartagena%20(colombia)"
"habana (cuba)",8,"atlanticseascapesarchive.com/browse.html#habana%20(cuba)"
"bogotá (colombia)",7,"atlanticseascapesarchive.com/browse.html#bogot%C3%A1%20(colombia)"
"santa marta (colombia)",7,"atlanticseascapesarchive.com/browse.html#santa%20marta%20(colombia)"
"maracaibo (venezuela)",7,"atlanticseascapesarchive.com/browse.html#maracaibo%20(venezuela)"
"coruña (españa)",5,"atlanticseascapesarchive.com/browse.html#coru%C3%B1a%20(espa%C3%B1a)"
"barcelona (españa)",4,"atlanticseascapesarchive.com/browse.html#barcelona%20(espa%C3%B1a)"
"cartagena de indias (colombia)",3,"atlanticseascapesarchive.com/browse.html#cartagena%20de%20indias%20(colombia)"
"cádiz (españa)",3,"atlanticseascapesarchive.com/browse.html#c%C3%A1diz%20(espa%C3%B1a)"
"(panamá)",3,"atlanticseascapesarchive.com/browse.html#(panam%C3%A1)"
"buenaventura (colombia)",3,"atlanticseascapesarchive.com/browse.html#buenaventura%20(colombia)"
"río hacha (colombia)",3,"atlanticseascapesarchive.com/browse.html#r%C3%ADo%20hacha%20(colombia)"
"guayaquil (ecuador)",3,"atlanticseascapesarchive.com/browse.html#guayaquil%20(ecuador)"
"la habana (cuba)",3,"atlanticseascapesarchive.com/browse.html#la%20habana%20(cuba)"
"sabanilla (colombia)",2,"atlanticseascapesarchive.com/browse.html#sabanilla%20(colombia)"
"cali (colombia)",2,"atlanticseascapesarchive.com/browse.html#cali%20(colombia)"
"cadiz (españa)",2,"atlanticseascapesarchive.com/browse.html#cadiz%20(espa%C3%B1a)"
"londres (inglaterra)",2,"atlanticseascapesarchive.com/browse.html#londres%20(inglaterra)"
"valparaiso (chile)",2,"atlanticseascapesarchive.com/browse.html#valparaiso%20(chile)"
"caracas (venezuela)",2,"atlanticseascapesarchive.com/browse.html#caracas%20(venezuela)"
"baltimore (estados unidos)",1,"atlanticseascapesarchive.com/browse.html#baltimore%20(estados%20unidos)"
"nueva orleans (estados unidos)",1,"atlanticseascapesarchive.com/browse.html#nueva%20orleans%20(estados%20unidos)"
"santa cruz de tenerife (españa)",1,"atlanticseascapesarchive.com/browse.html#santa%20cruz%20de%20tenerife%20(espa%C3%B1a)"
"giron (españa)",1,"atlanticseascapesarchive.com/browse.html#giron%20(espa%C3%B1a)"
"san eustaquio (países bajos)",1,"atlanticseascapesarchive.com/browse.html#san%20eustaquio%20(pa%C3%ADses%20bajos)"
"santiago de (cuba)",1,"atlanticseascapesarchive.com/browse.html#santiago%20de%20(cuba)"
"bilbao (españa)",1,"atlanticseascapesarchive.com/browse.html#bilbao%20(espa%C3%B1a)"
"bilbao málaga (españa)",1,"atlanticseascapesarchive.com/browse.html#bilbao%20m%C3%A1laga%20(espa%C3%B1a)"
"mariel habana (cuba)",1,"atlanticseascapesarchive.com/browse.html#mariel%20habana%20(cuba)"
"cunamá (venezuela)",1,"atlanticseascapesarchive.com/browse.html#cunam%C3%A1%20(venezuela)"
"alicante (españa)",1,"atlanticseascapesarchive.com/browse.html#alicante%20(espa%C3%B1a)"
"la coruña (españa)",1,"atlanticseascapesarchive.com/browse.html#la%20coru%C3%B1a%20(espa%C3%B1a)"
"norlfolk (estados unidos)",1,"atlanticseascapesarchive.com/browse.html#norlfolk%20(estados%20unidos)"
"villagarcía (españa)",1,"atlanticseascapesarchive.com/browse.html#villagarc%C3%ADa%20(espa%C3%B1a)"
"galicia (españa)",1,"atlanticseascapesarchive.com/browse.html#galicia%20(espa%C3%B1a)"
"mahón (españa)",1,"atlanticseascapesarchive.com/browse.html#mah%C3%B3n%20(espa%C3%B1a)"
"ferrol (españa)",1,"atlanticseascapesarchive.com/browse.html#ferrol%20(espa%C3%B1a)"
"puerto cabello (españa)",1,"atlanticseascapesarchive.com/browse.html#puerto%20cabello%20(espa%C3%B1a)"
"mataró (españa)",1,"atlanticseascapesarchive.com/browse.html#matar%C3%B3%20(espa%C3%B1a)"
"ciudad de panama (panamá)",1,"atlanticseascapesarchive.com/browse.html#ciudad%20de%20panama%20(panam%C3%A1)"
"culebra (puerto rico)",1,"atlanticseascapesarchive.com/browse.html#culebra%20(puerto%20rico)"
"curazao (países bajos)",1,"atlanticseascapesarchive.com/browse.html#curazao%20(pa%C3%ADses%20bajos)"
"saint thomas (islas virgenes)",1,"atlanticseascapesarchive.com/browse.html#saint%20thomas%20(islas%20virgenes)"
"pueto cabello (venezuela)",1,"atlanticseascapesarchive.com/browse.html#pueto%20cabello%20(venezuela)"
"málaga (españa)",1,"atlanticseascapesarchive.com/browse.html#m%C3%A1laga%20(espa%C3%B1a)"
"isla de margarita (venezuela)",1,"atlanticseascapesarchive.com/browse.html#isla%20de%20margarita%20(venezuela)"
"sagua la chica (cuba)",1,"atlanticseascapesarchive.com/browse.html#sagua%20la%20chica%20(cuba)"
"sagua la grande (cuba)",1,"atlanticseascapesarchive.com/browse.html#sagua%20la%20grande%20(cuba)"
"san juan de los remedios (cuba)",1,"atlanticseascapesarchive.com/browse.html#san%20juan%20de%20los%20remedios%20(cuba)"
"barranquilla (colombia)",1,"atlanticseascapesarchive.com/browse.html#barranquilla%20(colombia)"
"margarita (venezuela)",1,"atlanticseascapesarchive.com/browse.html#margarita%20(venezuela)"
"santiago de (chile)",1,"atlanticseascapesarchive.com/browse.html#santiago%20de%20(chile)"
"(chile)",1,"atlanticseascapesarchive.com/browse.html#(chile)"
"guayaqil (ecuador)",1,"atlanticseascapesarchive.com/browse.html#guayaqil%20(ecuador)"
"borburata (venezuela)",1,"atlanticseascapesarchive.com/browse.html#borburata%20(venezuela)"
"rio hacha (colombia)",1,"atlanticseascapesarchive.com/browse.html#rio%20hacha%20(colombia)"
"izquande (colombia)",1,"atlanticseascapesarchive.com/browse.html#izquande%20(colombia)"
"guayaquil (colombia)",1,"atlanticseascapesarchive.com/browse.html#guayaquil%20(colombia)"
"la guaira (venezuela)",1,"atlanticseascapesarchive.com/browse.html#la%20guaira%20(venezuela)"
"puerto principe (haití)",1,"atlanticseascapesarchive.com/browse.html#puerto%20principe%20(hait%C3%AD)"
"(barbados)",1,"atlanticseascapesarchive.com/browse.html#(barbados)"
"caruao (venezuela)",1,"atlanticseascapesarchive.com/browse.html#caruao%20(venezuela)"
"río chico (colombia)",1,"atlanticseascapesarchive.com/browse.html#r%C3%ADo%20chico%20(colombia)"
"soledad (colombia)",1,"atlanticseascapesarchive.com/browse.html#soledad%20(colombia)"
"portobelo (colombia)",1,"atlanticseascapesarchive.com/browse.html#portobelo%20(colombia)"
"popayan (colombia)",1,"atlanticseascapesarchive.com/browse.html#popayan%20(colombia)"
"cataluña (españa)",1,"atlanticseascapesarchive.com/browse.html#catalu%C3%B1a%20(espa%C3%B1a)"
"provincia de santiago (españa)",1,"atlanticseascapesarchive.com/browse.html#provincia%20de%20santiago%20(espa%C3%B1a)"
"reino de galicia (españa)",1,"atlanticseascapesarchive.com/browse.html#reino%20de%20galicia%20(espa%C3%B1a)"
"la vela de coro (venezuela)",1,"atlanticseascapesarchive.com/browse.html#la%20vela%20de%20coro%20(venezuela)"
