{ "objects": [{ 
        "title": "Ordenanza de corso dictada por Bolívar",
        "creator": "Secretaría de Relaciones Exteriores",
        "date": "1817-03-07",
        "description": "Reformas a la ordenanza de corso creada por Bolíva",
        "subject": "Corso;Ordenanza;Relaciones Exteriores",
        "location": "Colombia",
        "latitude": "46.725562",
        "longitude": "-117.009633",
        "source": "Archivo General de la Nación (Col), Sección República, Secretaría de Guerra y Marina, Tomo 323, ff. 77-136",
        "identifier": "pg_9_12_01bl",
        "type": "Image;StillImage",
        "format": "application/pdf",
        "language": "spa",
        "rights": "Public domain",
        
        
        "object_location": "atlanticseascapesarchive.com/objects/agn_sr_gym_323_77_136.pdf",
        "reference_url": "atlanticseascapesarchive.com/items/agn_sr_gym_323_77_136.html"
    },
    { 
        "title": "Comunicaciones de Brion desde Santa Marta al Ministerio de Guerra y Marina",
        "creator": "Louis Brion",
        "date": "1820",
        "description": "Comunicaciones de Louis Brion desde Santa Marta al Ministerio de Guerra y Marina. Contiene información sobre diversos temas: entradas y salidas de buques, corsarios, el comandante Aury.",
        "subject": "Corso;Buques;Relaciones Exteriores",
        "location": "Santa Marta, Colombia",
        
        
        "source": "Archivo General de la Nación (Col), Sección República, Secretaría de Guerra y Marina, Tomo 328, ff. 88-171",
        
        "type": "Image;StillImage",
        "format": "application/pdf",
        "language": "spa",
        "rights": "Public domain",
        
        
        "object_location": "atlanticseascapesarchive.com/objects/agn_sr_gym_328_88_171.pdf",
        "reference_url": "atlanticseascapesarchive.com/items/agn_sr_gym_328_88_171.html"
    },
    { 
        "title": "Comunicaciones del comandante Louis Brion al ministro de guerra y marinasobre construcción de lanchas cañoneras y aumento de fuerza marítima.",
        "creator": "Louis Brion",
        "date": "1821-01-29",
        "description": "Comunicaciones del comandante Louis Brion al Ministro de Marina sobre construcción de lanchas cañoneras y aumento de fuerza marítima. Nombre de embarcaciones y sus tripulaciones, armamento, matrícula de perscadores.",
        "subject": "Embarcaciones;Armamento;Matrícula de mar",
        "location": "Santa Marta, Colombia",
        
        
        "source": "Archivo General de la Nación (Col), Sección República, Secretaría de Guerra y Marina, Tomo 328, ff. 161-201",
        "identifier": "AGN_SR_GyM_328_161_201",
        "type": "Image;StillImage",
        "format": "application/pdf",
        "language": "spa",
        "rights": "Public domain",
        
        
        "object_location": "atlanticseascapesarchive.com/objects/agn_sr_gym_328_161_201.pdf",
        "reference_url": "atlanticseascapesarchive.com/items/agn_sr_gym_328_161_201.html"
    },
    { 
        "title": "Cuadros de entradas y salidas de buques de Sabanilla remitidas por el capitán del puerto de Sabanilla y comandante de la bahía al Ministerio de Marina",
        "creator": "Capitán del puerto de Sabanilla y comandante de la bahía",
        "date": "1821",
        "description": "Cuadros de entradas y salidas de buques de Sabanilla remitidas por el capitán del puerto de Sabanilla y comandante de la bahía al Ministerio de Marina. Contiene información de nombres y tipos de buques.",
        "subject": "Buques;Entradas y salidas",
        "location": "Sabanilla, Colombia",
        
        
        "source": "Archivo General de la Nación (Col), Sección República, Secretaría de Guerra y Marina, Tomo 329, ff. 686-702",
        "identifier": "AGN_SR_GyM_329_686_702",
        "type": "Image;StillImage",
        "format": "application/pdf",
        "language": "spa",
        "rights": "Public domain",
        
        
        "object_location": "atlanticseascapesarchive.com/objects/agn_sr_gym_329_686_702.pdf",
        "reference_url": "atlanticseascapesarchive.com/items/agn_sr_gym_329_686_702.html"
    },
    { 
        "title": "Información de corsarios y presas de corso de los departamentos de marina de Maracaibo y Margarita remitidos al Comandante General de Marina y el Ministerio de Marina. Comunicaciones de la comandancia general de marina del primer departamento de Marina (Puerto Cabello)",
        "creator": "Comandancia del departamento de Marina de Puerto Cabello",
        "date": "1828",
        "description": "Registro de corsarios en el departamento de marina de Maracaibo desde 1822-1828 y testimonios de presas. Documentos del archivo de Margarita relativo al armamento de corsarios. Comunicaciones del primer departamento de marina (Puerto Cabello) a la Secretaría de Estado y del Despacho de Marina",
        "subject": "Corso;Embarcaciones;Capitanes;Patentes",
        "location": "Maracaibo, Venezuela",
        
        
        "source": "Archivo General de la Nación (Col), Sección República, Secretaría de Guerra y Marina, Tomo 339, ff. 435-497",
        "identifier": "AGN_SR_GyM_339_435_497",
        "type": "Image;StillImage",
        "format": "application/pdf",
        "language": "spa",
        "rights": "Public domain",
        
        
        "object_location": "atlanticseascapesarchive.com/objects/agn_sr_gym_339_435_497.pdf",
        "reference_url": "atlanticseascapesarchive.com/items/agn_sr_gym_339_435_497.html"
    },
    { 
        "title": "Cuadros de entradas y salidas de buques de Venezuela al Ministerio de Marina",
        "creator": "Comandancia de Marina de Maracaibo",
        "date": "1823",
        "description": "Cuadros de entradas y salidas de buques de Puerto de la Vela, Zulia, Guaira.",
        "subject": "Entradas y salidas;Embarcaciones",
        "location": "Zulia, Venezuela",
        
        
        "source": "Archivo General de la Nación (Col), Sección República, Secretaría de Guerra y Marina, Tomo344, ff. 264-337",
        "identifier": "AGN_SR_GyM_344_264_337",
        "type": "Image;StillImage",
        "format": "application/pdf",
        "language": "spa",
        "rights": "Public domain",
        
        
        "object_location": "atlanticseascapesarchive.com/objects/agn_sr_gym_344_264_337.pdf",
        "reference_url": "atlanticseascapesarchive.com/items/agn_sr_gym_344_264_337.html"
    },
    { 
        "title": "Estados de entradas y salidas de buques del tercer departamento de Marina.",
        "creator": "Comandancia de marina del tercer departamento",
        "date": "1823",
        "description": "Estados de entradas y salidas de buques del tercer departamento de Marina. Santa Marta, Cartagena, Riohacha, Portobelo. Cuadros de estado de los buques de guerra.",
        "subject": "Embarcaciones;Entradas y salidas",
        "location": "Cartagena",
        
        
        "source": "Archivo General de la Nación (Col), Sección República, Secretaría de Guerra y Marina, Tomo 344, ff. 339_452",
        "identifier": "AGN_SR_GyM_344_339_452",
        "type": "Image;StillImage",
        "format": "application/pdf",
        "language": "spa",
        "rights": "Public domain",
        
        
        "object_location": "atlanticseascapesarchive.com/objects/agn_sr_gym_344_339_452.pdf",
        "reference_url": "atlanticseascapesarchive.com/items/agn_sr_gym_344_339_452.html"
    },
    { 
        "title": "Testimonio del expediente sobre el trasbordo de varios efectos pertenecientes a españoles del bergantín inglés Ugie a la goleta corsario General Santander",
        "creator": "Comandancia de Marina (2 departamento)",
        "date": "1823",
        "description": "Testimonio del expediente sobre el trasbordo de varios efectos pertenecientes a españoles del bergantín inglés Ugie a la goleta corsario General Santander. Eran mercancías de comerciantes españoles que transportaba el bergantín.",
        "subject": "Corso;Comercio",
        "location": "Guayra",
        
        
        "source": "Archivo General de la Nación (Col), Sección República, Secretaría de Guerra y Marina, Tomo 344. ff. 621-669",
        "identifier": "AGN_SR_GyM_344_621_669",
        "type": "Image;StillImage",
        "format": "application/pdf",
        "language": "spa",
        "rights": "Public domain",
        
        
        "object_location": "atlanticseascapesarchive.com/objects/agn_sr_gym_344_621_669.pdf",
        "reference_url": "atlanticseascapesarchive.com/items/agn_sr_gym_344_621_669.html"
    },
    { 
        "title": "Testimonio de presa de corso del bergantín María Dolores capturado por el bergantín corsario El Águila.",
        "creator": "Comandancia de marina del segundo departamento",
        "date": "1823",
        "description": "Testimonio del expediente en que el señor Juan Carlos King solicitó se declarase buena presa el bergantín español María dolores capturado por el bergantín corsario el Águila, cuyo buque y carga está retenido por la Aduana de la isla de Barbada",
        "subject": "Corso;Comercio;Presa",
        "location": "Guayra",
        
        
        "source": "Archivo General de la Nación (Col), Sección República, Secretaría de Guerra y Marina, Tomo 344, ff. 670_702",
        "identifier": "AGN_SR_GyM_344_670_702",
        "type": "Image;StillImage",
        "format": "application/pdf",
        "language": "spa",
        "rights": "Public domain",
        
        
        "object_location": "atlanticseascapesarchive.com/objects/agn_sr_gym_344_670_702.pdf",
        "reference_url": "atlanticseascapesarchive.com/items/agn_sr_gym_344_670_702.html"
    },
    { 
        "title": "Testimonio del expediente de presa de la goleta española Dolores por la goleta corsario Ninfa",
        "creator": "Comandancia de marina del segundo departamento",
        "date": "1823",
        "description": "Testimonio del expediente de presa de la goleta española Dolores por la goleta corsario Ninfa",
        "subject": "Corso;Comercio;Presa",
        "location": "Guayra",
        
        
        "source": "Archivo General de la Nación (Col), Sección República, Secretaría de Guerra y Marina, Tomo 344. ff. 703-725",
        "identifier": "AGN_SR_GyM_344_703_725",
        "type": "Image;StillImage",
        "format": "application/pdf",
        "language": "spa",
        "rights": "Public domain",
        
        
        "object_location": "atlanticseascapesarchive.com/objects/agn_sr_gym_344_703_725.pdf",
        "reference_url": "atlanticseascapesarchive.com/items/agn_sr_gym_344_703_725.html"
    },
    { 
        "title": "Testimonio del expediente de presa del bergantín español Nuestra Señora del Rosario por la goleta corsario General Santander.",
        "creator": "Comandancia de marina del segundo departamento",
        "date": "1823",
        "description": "Testimonio del expediente de presa del bergantín español Nuestra Señora del Rosario por la goleta corsario General Santander.",
        "subject": "Corso;Comercio;Presa",
        "location": "Guayra",
        
        
        "source": "Archivo General de la Nación (Col), Sección República, Secretaría de Guerra y Marina, Tomo 344, ff. 799-847",
        "identifier": "AGN_SR_GyM_344_799_847",
        "type": "Image;StillImage",
        "format": "application/pdf",
        "language": "spa",
        "rights": "Public domain",
        
        
        "object_location": "atlanticseascapesarchive.com/objects/agn_sr_gym_344_799_847.pdf",
        "reference_url": "atlanticseascapesarchive.com/items/agn_sr_gym_344_799_847.html"
    },
    { 
        "title": "Testimonio del expediente sobre el apresamiento y condena de buena presa del bergantín español Diana capturado por el bergantín corsario Águila",
        "creator": "Comandancia de marina del segundo departamento",
        "date": "1823",
        "description": "Testimonio del expediente sobre el apresamiento y condena de buena presa del bergantín español Diana capturado por el bergantín corsario Águila",
        "subject": "Corso;Comercio;Presa",
        "location": "Guayra",
        
        
        "source": "Archivo General de la Nación (Col), Sección República, Secretaría de Guerra y Marina, Tomo 344. ff. 848-898",
        "identifier": "AGN_SR_GyM_344_848_898",
        "type": "Image;StillImage",
        "format": "application/pdf",
        "language": "spa",
        "rights": "Public domain",
        
        
        "object_location": "atlanticseascapesarchive.com/objects/agn_sr_gym_344_848_898.pdf",
        "reference_url": "atlanticseascapesarchive.com/items/agn_sr_gym_344_848_898.html"
    },
    { 
        "title": "Testimonio del expediente sobre el represamiento del falucho nacional Rosario por la corbeta de guerra Bolívar",
        "creator": "Comandancia de marina del segundo departamento",
        "date": "1823",
        "description": "Testimonio del expediente sobre el represamiento del falucho nacional Rosario por la corbeta de guerra Bolívar",
        "subject": "Corso;Comercio;Presa",
        "location": "Guayra",
        
        
        "source": "Archivo General de la Nación (Col), Sección República, Secretaría de Guerra y Marina, Tomo 344 ff. 899_908",
        "identifier": "AGN_SR_GyM_344_899_908",
        "type": "Image;StillImage",
        "format": "application/pdf",
        "language": "spa",
        "rights": "Public domain",
        
        
        "object_location": "atlanticseascapesarchive.com/objects/agn_sr_gym_344_899_908.pdf",
        "reference_url": "atlanticseascapesarchive.com/items/agn_sr_gym_344_899_908.html"
    },
    { 
        "title": "Testimonio del expediente sobre el apresamiento de la goleta española la María Antonia por la goleta corsario particular de la república La Centella.",
        "creator": "Comandancia de marina del segundo departamento",
        "date": "1823",
        "description": "Testimonio del expediente sobre el represamiento del falucho nacional Rosario por la corbeta de guerra Bolívar",
        "subject": "Corso;Comercio;Presa",
        "location": "Guayra",
        
        
        "source": "Archivo General de la Nación (Col), Sección República, Secretaría de Guerra y Marina, Tomo 344. ff. 909-932",
        "identifier": "AGN_SR_GyM_344_909_932",
        "type": "Image;StillImage",
        "format": "application/pdf",
        "language": "spa",
        "rights": "Public domain",
        
        
        "object_location": "atlanticseascapesarchive.com/objects/agn_sr_gym_344_909_932.pdf",
        "reference_url": "atlanticseascapesarchive.com/items/agn_sr_gym_344_909_932.html"
    },
    { 
        "title": "1800. Cartagena. Punta Canoa hasta el Castillo de San José",
        
        "date": "1800",
        "description": "Cartagena: Mapa de la costa, desde Punta Canoa haste el Castillo de San José con los accidentes de la misma, las construcciones y las profundidades litorales.",
        "subject": "Mapa",
        "location": "Cartagena",
        
        
        "source": "Archivo General de la Nación (Col), Sección Mapoteca, Mapoteca 4, Ref. 80A ",
        "identifier": "CO.AGN.SMP.4,REF.80A",
        "type": "Image;StillImage",
        "format": "image/jpg",
        "language": "spa",
        "rights": "Public domain",
        
        
        "object_location": "atlanticseascapesarchive.com/objects/agn_smp_4_80a.jpg",
        "reference_url": "atlanticseascapesarchive.com/items/agn_smp_4_80a.html"
    }
    
] }
