{ "subjects": [
    { "subject" : "corso", "count" : 10, "link" : "atlanticseascapesarchive.com/browse.html#corso" },
    { "subject" : "comercio", "count" : 7, "link" : "atlanticseascapesarchive.com/browse.html#comercio" },
    { "subject" : "comandancia de marina del segundo departamento", "count" : 6, "link" : "atlanticseascapesarchive.com/browse.html#comandancia%20de%20marina%20del%20segundo%20departamento" },
    { "subject" : "presa", "count" : 6, "link" : "atlanticseascapesarchive.com/browse.html#presa" },
    { "subject" : "embarcaciones", "count" : 4, "link" : "atlanticseascapesarchive.com/browse.html#embarcaciones" },
    { "subject" : "entradas y salidas", "count" : 3, "link" : "atlanticseascapesarchive.com/browse.html#entradas%20y%20salidas" },
    { "subject" : "buques", "count" : 2, "link" : "atlanticseascapesarchive.com/browse.html#buques" },
    { "subject" : "relaciones exteriores", "count" : 2, "link" : "atlanticseascapesarchive.com/browse.html#relaciones%20exteriores" },
    { "subject" : "louis brion", "count" : 2, "link" : "atlanticseascapesarchive.com/browse.html#louis%20brion" },
    { "subject" : "capitanes", "count" : 1, "link" : "atlanticseascapesarchive.com/browse.html#capitanes" },
    { "subject" : "ordenanza", "count" : 1, "link" : "atlanticseascapesarchive.com/browse.html#ordenanza" },
    { "subject" : "comandancia de marina (2 departamento)", "count" : 1, "link" : "atlanticseascapesarchive.com/browse.html#comandancia%20de%20marina%20(2%20departamento)" },
    { "subject" : "mapa", "count" : 1, "link" : "atlanticseascapesarchive.com/browse.html#mapa" },
    { "subject" : "secretaría de relaciones exteriores", "count" : 1, "link" : "atlanticseascapesarchive.com/browse.html#secretar%C3%ADa%20de%20relaciones%20exteriores" },
    { "subject" : "armamento", "count" : 1, "link" : "atlanticseascapesarchive.com/browse.html#armamento" },
    { "subject" : "capitán del puerto de sabanilla y comandante de la bahía", "count" : 1, "link" : "atlanticseascapesarchive.com/browse.html#capit%C3%A1n%20del%20puerto%20de%20sabanilla%20y%20comandante%20de%20la%20bah%C3%ADa" },
    { "subject" : "comandancia del departamento de marina de puerto cabello", "count" : 1, "link" : "atlanticseascapesarchive.com/browse.html#comandancia%20del%20departamento%20de%20marina%20de%20puerto%20cabello" },
    { "subject" : "comandancia de marina de maracaibo", "count" : 1, "link" : "atlanticseascapesarchive.com/browse.html#comandancia%20de%20marina%20de%20maracaibo" },
    { "subject" : "comandancia de marina del tercer departamento", "count" : 1, "link" : "atlanticseascapesarchive.com/browse.html#comandancia%20de%20marina%20del%20tercer%20departamento" },
    { "subject" : "matrícula de mar", "count" : 1, "link" : "atlanticseascapesarchive.com/browse.html#matr%C3%ADcula%20de%20mar" },
    { "subject" : "patentes", "count" : 1, "link" : "atlanticseascapesarchive.com/browse.html#patentes" }
]}