subject,count,link
"corso",10,"atlanticseascapesarchive.com/browse.html#corso"
"comercio",7,"atlanticseascapesarchive.com/browse.html#comercio"
"comandancia de marina del segundo departamento",6,"atlanticseascapesarchive.com/browse.html#comandancia%20de%20marina%20del%20segundo%20departamento"
"presa",6,"atlanticseascapesarchive.com/browse.html#presa"
"embarcaciones",4,"atlanticseascapesarchive.com/browse.html#embarcaciones"
"entradas y salidas",3,"atlanticseascapesarchive.com/browse.html#entradas%20y%20salidas"
"buques",2,"atlanticseascapesarchive.com/browse.html#buques"
"relaciones exteriores",2,"atlanticseascapesarchive.com/browse.html#relaciones%20exteriores"
"louis brion",2,"atlanticseascapesarchive.com/browse.html#louis%20brion"
"capitanes",1,"atlanticseascapesarchive.com/browse.html#capitanes"
"ordenanza",1,"atlanticseascapesarchive.com/browse.html#ordenanza"
"comandancia de marina (2 departamento)",1,"atlanticseascapesarchive.com/browse.html#comandancia%20de%20marina%20(2%20departamento)"
"mapa",1,"atlanticseascapesarchive.com/browse.html#mapa"
"secretaría de relaciones exteriores",1,"atlanticseascapesarchive.com/browse.html#secretar%C3%ADa%20de%20relaciones%20exteriores"
"armamento",1,"atlanticseascapesarchive.com/browse.html#armamento"
"capitán del puerto de sabanilla y comandante de la bahía",1,"atlanticseascapesarchive.com/browse.html#capit%C3%A1n%20del%20puerto%20de%20sabanilla%20y%20comandante%20de%20la%20bah%C3%ADa"
"comandancia del departamento de marina de puerto cabello",1,"atlanticseascapesarchive.com/browse.html#comandancia%20del%20departamento%20de%20marina%20de%20puerto%20cabello"
"comandancia de marina de maracaibo",1,"atlanticseascapesarchive.com/browse.html#comandancia%20de%20marina%20de%20maracaibo"
"comandancia de marina del tercer departamento",1,"atlanticseascapesarchive.com/browse.html#comandancia%20de%20marina%20del%20tercer%20departamento"
"matrícula de mar",1,"atlanticseascapesarchive.com/browse.html#matr%C3%ADcula%20de%20mar"
"patentes",1,"atlanticseascapesarchive.com/browse.html#patentes"
