{ "subjects": [
    { "subject" : "embarcaciones", "count" : 58, "link" : "atlanticseascapesarchive.com/browse.html#embarcaciones" },
    { "subject" : "comercio", "count" : 47, "link" : "atlanticseascapesarchive.com/browse.html#comercio" },
    { "subject" : "relaciones exteriores", "count" : 43, "link" : "atlanticseascapesarchive.com/browse.html#relaciones%20exteriores" },
    { "subject" : "corso", "count" : 28, "link" : "atlanticseascapesarchive.com/browse.html#corso" },
    { "subject" : "entradas y salidas de buques", "count" : 9, "link" : "atlanticseascapesarchive.com/browse.html#entradas%20y%20salidas%20de%20buques" },
    { "subject" : "pesca", "count" : 6, "link" : "atlanticseascapesarchive.com/browse.html#pesca" },
    { "subject" : "ordenanzas de marina", "count" : 5, "link" : "atlanticseascapesarchive.com/browse.html#ordenanzas%20de%20marina" },
    { "subject" : "comunicaciones", "count" : 2, "link" : "atlanticseascapesarchive.com/browse.html#comunicaciones" },
    { "subject" : "comandancia de mariana", "count" : 2, "link" : "atlanticseascapesarchive.com/browse.html#comandancia%20de%20mariana" },
    { "subject" : "buques", "count" : 2, "link" : "atlanticseascapesarchive.com/browse.html#buques" },
    { "subject" : "corsarios", "count" : 2, "link" : "atlanticseascapesarchive.com/browse.html#corsarios" },
    { "subject" : "pintura", "count" : 1, "link" : "atlanticseascapesarchive.com/browse.html#pintura" },
    { "subject" : "apostadero de la marina", "count" : 1, "link" : "atlanticseascapesarchive.com/browse.html#apostadero%20de%20la%20marina" },
    { "subject" : "reparaciones", "count" : 1, "link" : "atlanticseascapesarchive.com/browse.html#reparaciones" },
    { "subject" : "ordenanzas de presa", "count" : 1, "link" : "atlanticseascapesarchive.com/browse.html#ordenanzas%20de%20presa" },
    { "subject" : "solictud de ascensos", "count" : 1, "link" : "atlanticseascapesarchive.com/browse.html#solictud%20de%20ascensos" },
    { "subject" : "oficios", "count" : 1, "link" : "atlanticseascapesarchive.com/browse.html#oficios" },
    { "subject" : "jurisdicción de marina", "count" : 1, "link" : "atlanticseascapesarchive.com/browse.html#jurisdicci%C3%B3n%20de%20marina" },
    { "subject" : "correspondencia", "count" : 1, "link" : "atlanticseascapesarchive.com/browse.html#correspondencia" },
    { "subject" : "venduta publica", "count" : 1, "link" : "atlanticseascapesarchive.com/browse.html#venduta%20publica" },
    { "subject" : "ordenaznas de matricula", "count" : 1, "link" : "atlanticseascapesarchive.com/browse.html#ordenaznas%20de%20matricula" },
    { "subject" : "cofradía de mar", "count" : 1, "link" : "atlanticseascapesarchive.com/browse.html#cofrad%C3%ADa%20de%20mar" },
    { "subject" : "ley de corso", "count" : 1, "link" : "atlanticseascapesarchive.com/browse.html#ley%20de%20corso" },
    { "subject" : "cajas maritimas", "count" : 1, "link" : "atlanticseascapesarchive.com/browse.html#cajas%20maritimas" },
    { "subject" : "almoneda", "count" : 1, "link" : "atlanticseascapesarchive.com/browse.html#almoneda" },
    { "subject" : "cajas marítimas", "count" : 1, "link" : "atlanticseascapesarchive.com/browse.html#cajas%20mar%C3%ADtimas" },
    { "subject" : "reales cedulas", "count" : 1, "link" : "atlanticseascapesarchive.com/browse.html#reales%20cedulas" },
    { "subject" : "ordenanzas de armada", "count" : 1, "link" : "atlanticseascapesarchive.com/browse.html#ordenanzas%20de%20armada" },
    { "subject" : "averia", "count" : 1, "link" : "atlanticseascapesarchive.com/browse.html#averia" },
    { "subject" : "consules", "count" : 1, "link" : "atlanticseascapesarchive.com/browse.html#consules" },
    { "subject" : "ordenanzas de matrícula, armada y marina", "count" : 1, "link" : "atlanticseascapesarchive.com/browse.html#ordenanzas%20de%20matr%C3%ADcula,%20armada%20y%20marina" },
    { "subject" : "matriculas.", "count" : 1, "link" : "atlanticseascapesarchive.com/browse.html#matriculas." },
    { "subject" : "inventario.", "count" : 1, "link" : "atlanticseascapesarchive.com/browse.html#inventario." },
    { "subject" : "ciénagas", "count" : 1, "link" : "atlanticseascapesarchive.com/browse.html#ci%C3%A9nagas" },
    { "subject" : "crimen", "count" : 1, "link" : "atlanticseascapesarchive.com/browse.html#crimen" },
    { "subject" : "ordenanzas navales", "count" : 1, "link" : "atlanticseascapesarchive.com/browse.html#ordenanzas%20navales" },
    { "subject" : "contratas", "count" : 1, "link" : "atlanticseascapesarchive.com/browse.html#contratas" },
    { "subject" : "campaña de independencia", "count" : 1, "link" : "atlanticseascapesarchive.com/browse.html#campa%C3%B1a%20de%20independencia" },
    { "subject" : "entrada y salida de buques", "count" : 1, "link" : "atlanticseascapesarchive.com/browse.html#entrada%20y%20salida%20de%20buques" },
    { "subject" : "derechos de puerto", "count" : 1, "link" : "atlanticseascapesarchive.com/browse.html#derechos%20de%20puerto" },
    { "subject" : "libros", "count" : 1, "link" : "atlanticseascapesarchive.com/browse.html#libros" },
    { "subject" : "artesanos", "count" : 1, "link" : "atlanticseascapesarchive.com/browse.html#artesanos" },
    { "subject" : "herreria", "count" : 1, "link" : "atlanticseascapesarchive.com/browse.html#herreria" }
]}