{
    "title": {
        "media": {
          "url": "",
          "caption": null,
          "credit": "ATLANTIC SEASCAPES PROJECT"
        },
        "text": {
          "headline": "ATLANTIC SEASCAPES PROJECT Timeline",
          "text": "Atlantic Seascapes Project es un archivo digital que busca facilitar el acceso a la historia marítima del Atlántico y del Caribe"
        }
    },
    "events": [
      {
        "media": {
          "url": "/objects/agn_sr_gym_323_77_136.pdf",
          "caption": "Ordenanza de corso dictada por Bolívar",
          "link": "/items/agn_sr_gym_323_77_136.html"
        },
        "start_date": { 
          
          "month": "03",
          "day": "07",
          "year": "1817"
        },
        "text": {
          "headline": "Ordenanza de corso dictada por Bolívar",
          "text": "Reformas a la ordenanza de corso creada por Bolíva"
        }
      },{
        "media": {
          "url": "/objects/agn_sr_gym_328_88_171.pdf",
          "caption": "Comunicaciones de Brion desde Santa Marta al Ministerio de Guerra y Marina",
          "link": "/items/agn_sr_gym_328_88_171.html"
        },
        "start_date": { 
          
          "year": "1820"
        },
        "text": {
          "headline": "Comunicaciones de Brion desde Santa Marta al Ministerio de Guerra y Marina",
          "text": "Comunicaciones de Louis Brion desde Santa Marta al Ministerio de Guerra y Marina. Contiene información sobre diversos temas: entradas y salidas de buques, corsarios, el comandante Aury."
        }
      },{
        "media": {
          "url": "/objects/agn_sr_gym_328_161_201.pdf",
          "caption": "Comunicaciones del comandante Louis Brion al ministro de guerra y marinasobre construcción de lanchas cañoneras y aumento de fuerza marítima.",
          "link": "/items/agn_sr_gym_328_161_201.html"
        },
        "start_date": { 
          
          "month": "01",
          "day": "29",
          "year": "1821"
        },
        "text": {
          "headline": "Comunicaciones del comandante Louis Brion al ministro de guerra y marinasobre construcción de lanchas cañoneras y aumento de fuerza marítima.",
          "text": "Comunicaciones del comandante Louis Brion al Ministro de Marina sobre construcción de lanchas cañoneras y aumento de fuerza marítima. Nombre de embarcaciones y sus tripulaciones, armamento, matrícula de perscadores."
        }
      },{
        "media": {
          "url": "/objects/agn_sr_gym_329_686_702.pdf",
          "caption": "Cuadros de entradas y salidas de buques de Sabanilla remitidas por el capitán del puerto de Sabanilla y comandante de la bahía al Ministerio de Marina",
          "link": "/items/agn_sr_gym_329_686_702.html"
        },
        "start_date": { 
          
          "year": "1821"
        },
        "text": {
          "headline": "Cuadros de entradas y salidas de buques de Sabanilla remitidas por el capitán del puerto de Sabanilla y comandante de la bahía al Ministerio de Marina",
          "text": "Cuadros de entradas y salidas de buques de Sabanilla remitidas por el capitán del puerto de Sabanilla y comandante de la bahía al Ministerio de Marina. Contiene información de nombres y tipos de buques."
        }
      },{
        "media": {
          "url": "/objects/agn_sr_gym_339_435_497.pdf",
          "caption": "Información de corsarios y presas de corso de los departamentos de marina de Maracaibo y Margarita remitidos al Comandante General de Marina y el Ministerio de Marina. Comunicaciones de la comandancia general de marina del primer departamento de Marina (Puerto Cabello)",
          "link": "/items/agn_sr_gym_339_435_497.html"
        },
        "start_date": { 
          
          "year": "1828"
        },
        "text": {
          "headline": "Información de corsarios y presas de corso de los departamentos de marina de Maracaibo y Margarita remitidos al Comandante General de Marina y el Ministerio de Marina. Comunicaciones de la comandancia general de marina del primer departamento de Marina (Puerto Cabello)",
          "text": "Registro de corsarios en el departamento de marina de Maracaibo desde 1822-1828 y testimonios de presas. Documentos del archivo de Margarita relativo al armamento de corsarios. Comunicaciones del primer departamento de marina (Puerto Cabello) a la Secretaría de Estado y del Despacho de Marina"
        }
      },{
        "media": {
          "url": "/objects/agn_sr_gym_344_264_337.pdf",
          "caption": "Cuadros de entradas y salidas de buques de Venezuela al Ministerio de Marina",
          "link": "/items/agn_sr_gym_344_264_337.html"
        },
        "start_date": { 
          
          "year": "1823"
        },
        "text": {
          "headline": "Cuadros de entradas y salidas de buques de Venezuela al Ministerio de Marina",
          "text": "Cuadros de entradas y salidas de buques de Puerto de la Vela, Zulia, Guaira."
        }
      },{
        "media": {
          "url": "/objects/agn_sr_gym_344_339_452.pdf",
          "caption": "Estados de entradas y salidas de buques del tercer departamento de Marina.",
          "link": "/items/agn_sr_gym_344_339_452.html"
        },
        "start_date": { 
          
          "year": "1823"
        },
        "text": {
          "headline": "Estados de entradas y salidas de buques del tercer departamento de Marina.",
          "text": "Estados de entradas y salidas de buques del tercer departamento de Marina. Santa Marta, Cartagena, Riohacha, Portobelo. Cuadros de estado de los buques de guerra."
        }
      },{
        "media": {
          "url": "/objects/agn_sr_gym_344_621_669.pdf",
          "caption": "Testimonio del expediente sobre el trasbordo de varios efectos pertenecientes a españoles del bergantín inglés Ugie a la goleta corsario General Santander",
          "link": "/items/agn_sr_gym_344_621_669.html"
        },
        "start_date": { 
          
          "year": "1823"
        },
        "text": {
          "headline": "Testimonio del expediente sobre el trasbordo de varios efectos pertenecientes a españoles del bergantín inglés Ugie a la goleta corsario General Santander",
          "text": "Testimonio del expediente sobre el trasbordo de varios efectos pertenecientes a españoles del bergantín inglés Ugie a la goleta corsario General Santander. Eran mercancías de comerciantes españoles que transportaba el bergantín."
        }
      },{
        "media": {
          "url": "/objects/agn_sr_gym_344_670_702.pdf",
          "caption": "Testimonio de presa de corso del bergantín María Dolores capturado por el bergantín corsario El Águila.",
          "link": "/items/agn_sr_gym_344_670_702.html"
        },
        "start_date": { 
          
          "year": "1823"
        },
        "text": {
          "headline": "Testimonio de presa de corso del bergantín María Dolores capturado por el bergantín corsario El Águila.",
          "text": "Testimonio del expediente en que el señor Juan Carlos King solicitó se declarase buena presa el bergantín español María dolores capturado por el bergantín corsario el Águila, cuyo buque y carga está retenido por la Aduana de la isla de Barbada"
        }
      },{
        "media": {
          "url": "/objects/agn_sr_gym_344_703_725.pdf",
          "caption": "Testimonio del expediente de presa de la goleta española Dolores por la goleta corsario Ninfa",
          "link": "/items/agn_sr_gym_344_703_725.html"
        },
        "start_date": { 
          
          "year": "1823"
        },
        "text": {
          "headline": "Testimonio del expediente de presa de la goleta española Dolores por la goleta corsario Ninfa",
          "text": "Testimonio del expediente de presa de la goleta española Dolores por la goleta corsario Ninfa"
        }
      },{
        "media": {
          "url": "/objects/agn_sr_gym_344_799_847.pdf",
          "caption": "Testimonio del expediente de presa del bergantín español Nuestra Señora del Rosario por la goleta corsario General Santander.",
          "link": "/items/agn_sr_gym_344_799_847.html"
        },
        "start_date": { 
          
          "year": "1823"
        },
        "text": {
          "headline": "Testimonio del expediente de presa del bergantín español Nuestra Señora del Rosario por la goleta corsario General Santander.",
          "text": "Testimonio del expediente de presa del bergantín español Nuestra Señora del Rosario por la goleta corsario General Santander."
        }
      },{
        "media": {
          "url": "/objects/agn_sr_gym_344_848_898.pdf",
          "caption": "Testimonio del expediente sobre el apresamiento y condena de buena presa del bergantín español Diana capturado por el bergantín corsario Águila",
          "link": "/items/agn_sr_gym_344_848_898.html"
        },
        "start_date": { 
          
          "year": "1823"
        },
        "text": {
          "headline": "Testimonio del expediente sobre el apresamiento y condena de buena presa del bergantín español Diana capturado por el bergantín corsario Águila",
          "text": "Testimonio del expediente sobre el apresamiento y condena de buena presa del bergantín español Diana capturado por el bergantín corsario Águila"
        }
      },{
        "media": {
          "url": "/objects/agn_sr_gym_344_899_908.pdf",
          "caption": "Testimonio del expediente sobre el represamiento del falucho nacional Rosario por la corbeta de guerra Bolívar",
          "link": "/items/agn_sr_gym_344_899_908.html"
        },
        "start_date": { 
          
          "year": "1823"
        },
        "text": {
          "headline": "Testimonio del expediente sobre el represamiento del falucho nacional Rosario por la corbeta de guerra Bolívar",
          "text": "Testimonio del expediente sobre el represamiento del falucho nacional Rosario por la corbeta de guerra Bolívar"
        }
      },{
        "media": {
          "url": "/objects/agn_sr_gym_344_909_932.pdf",
          "caption": "Testimonio del expediente sobre el apresamiento de la goleta española la María Antonia por la goleta corsario particular de la república La Centella.",
          "link": "/items/agn_sr_gym_344_909_932.html"
        },
        "start_date": { 
          
          "year": "1823"
        },
        "text": {
          "headline": "Testimonio del expediente sobre el apresamiento de la goleta española la María Antonia por la goleta corsario particular de la república La Centella.",
          "text": "Testimonio del expediente sobre el represamiento del falucho nacional Rosario por la corbeta de guerra Bolívar"
        }
      },{
        "media": {
          "url": "/objects/agn_smp_4_80a.jpg",
          "caption": "1800. Cartagena. Punta Canoa hasta el Castillo de San José",
          "link": "/items/agn_smp_4_80a.html"
        },
        "start_date": { 
          
          "year": "1800"
        },
        "text": {
          "headline": "1800. Cartagena. Punta Canoa hasta el Castillo de San José",
          "text": "Cartagena: Mapa de la costa, desde Punta Canoa haste el Castillo de San José con los accidentes de la misma, las construcciones y las profundidades litorales."
        }
      }
    ]
}
